{"cameraMode":{"drawMode":0,"name":"Shaded","section":"Shading Mode"},"sceneLighting":true,"audioPlay":false,"sceneViewState":{"showFog":true,"showMaterialUpdate":true,"showSkybox":true,"showFlares":true,"showImageEffects":true,"showParticleSystems":true},"in2DMode":false,"pivot":{"x":-0.35030174255371096,"y":0.7696549892425537,"z":-0.3228602409362793},"rotation":{"x":0.049775779247283939,"y":0.9148069024085999,"z":-0.11895786970853806,"w":0.38279229402542117},"size":3.6203269958496095,"orthographic":false}