{"cameraMode":{"drawMode":0,"name":"Shaded","section":"Shading Mode"},"sceneLighting":false,"audioPlay":false,"sceneViewState":{"showFog":true,"showMaterialUpdate":false,"showSkybox":true,"showFlares":true,"showImageEffects":true,"showParticleSystems":true},"in2DMode":false,"pivot":{"x":-9.4147310256958,"y":2.4910168647766115,"z":2.8125},"rotation":{"x":0.19885851442813874,"y":0.4915115237236023,"z":-0.11638116091489792,"w":0.8398382663726807},"size":153.5847625732422,"orthographic":false}