{"cameraMode":{"drawMode":2,"name":"Shaded Wireframe","section":"Shading Mode"},"sceneLighting":false,"audioPlay":false,"sceneViewState":{"showFog":true,"showMaterialUpdate":false,"showSkybox":false,"showFlares":true,"showImageEffects":true,"showParticleSystems":true},"in2DMode":false,"pivot":{"x":4.486632347106934,"y":1.0549813508987427,"z":-9.013370513916016},"rotation":{"x":0.17822909355163575,"y":0.5769328474998474,"z":-0.13076967000961305,"w":0.7863122224807739},"size":2.2416586875915529,"orthographic":false}